{
  "version": 2.0,
  "canvas_size": "{375,667}",
  "aspect_ratio": "16:9",
  "layers": 
  [
    {
      "constraints": 
      [
        0.3201,  
        0.0720,
        0.3141,
        0.0587
      ],
      "id": "0",
      "refs":
      [
        
      ],          
      "type": "media",
      "res_path": "img01.jpg",
      "editable": 1,
      "angle": 0,
      "actions":
      [
   
      ]
    },
    
    {
     "id": "1",                
     "constraints": 
      [
        0.0,  
        0.0,
        0.0,
        0.0
      ],
      "type": "image",
      "res_path": "png01.png",
      "refs":
      [
        
      ],              
      "editable": 0
    },

    {
     "id": "2",                
     "constraints":
      [
        0.6304,
        0.0,
        0.3361,
        0.0
      ],
      "type": "text",
      "editable": 1,                      
      "text_info": 
      {
          "font_name": "Helvetica",
          "font_size": 18.5,
          "place_holder": "All right , I'm ready for my close-up.",
          "text_alignment": "center",
          "text_color": "#E9E9E9",
          "text_spacing": 0,
          "line_spacing": 1
      }
    }   

  ]
}
